{
  "labels": [
    "Nifty 50",
    "Bank Nifty",
    "Sensex"
  ],
  "matrix": [
    [
      1,
      0.8779026558612741,
      0.9944421739330315
    ],
    [
      0.8779026558612741,
      1,
      0.883790239952487
    ],
    [
      0.9944421739330315,
      0.883790239952487,
      1
    ]
  ],
  "sampleSize": 738
}