{
  "labels": [
    "Nifty 50",
    "Bank Nifty",
    "Sensex"
  ],
  "matrix": [
    [
      1,
      0.9330435410261033,
      0.9963132533767044
    ],
    [
      0.9330435410261033,
      1,
      0.9316015704053935
    ],
    [
      0.9963132533767044,
      0.9316015704053935,
      1
    ]
  ],
  "sampleSize": 120
}