{
  "labels": [
    "Nifty 50",
    "Bank Nifty",
    "Sensex"
  ],
  "matrix": [
    [
      1,
      0.9184894524160869,
      0.9955114416773344
    ],
    [
      0.9184894524160869,
      1,
      0.9199050159366552
    ],
    [
      0.9955114416773344,
      0.9199050159366552,
      1
    ]
  ],
  "sampleSize": 245
}