{
  "labels": [
    "Nifty 50",
    "Bank Nifty",
    "Sensex"
  ],
  "matrix": [
    [
      1,
      0.8708334813356446,
      0.9946528814139477
    ],
    [
      0.8708334813356446,
      1,
      0.8755727969461251
    ],
    [
      0.9946528814139477,
      0.8755727969461251,
      1
    ]
  ],
  "sampleSize": 63
}