{
  "labels": [
    "Nifty 50",
    "Bank Nifty",
    "Sensex"
  ],
  "matrix": [
    [
      1,
      0.9189081152674713,
      0.9955221496250488
    ],
    [
      0.9189081152674713,
      1,
      0.9200518086309956
    ],
    [
      0.9955221496250488,
      0.9200518086309956,
      1
    ]
  ],
  "sampleSize": 244
}