{
  "labels": [
    "Nifty 50",
    "Bank Nifty",
    "Sensex"
  ],
  "matrix": [
    [
      1,
      0.8874369307110973,
      0.9952228846200476
    ],
    [
      0.8874369307110973,
      1,
      0.8904649457062928
    ],
    [
      0.9952228846200476,
      0.8904649457062928,
      1
    ]
  ],
  "sampleSize": 2942
}