{
  "labels": [
    "Nifty 50",
    "Bank Nifty",
    "Sensex"
  ],
  "matrix": [
    [
      1,
      0.9339451925834872,
      0.9970356819740408
    ],
    [
      0.9339451925834872,
      1,
      0.9414239032455199
    ],
    [
      0.9970356819740408,
      0.9414239032455199,
      1
    ]
  ],
  "sampleSize": 22
}