{
  "labels": [
    "Nifty 50",
    "Bank Nifty",
    "Sensex"
  ],
  "matrix": [
    [
      1,
      0.9353384997754237,
      0.9975891353581416
    ],
    [
      0.9353384997754237,
      1,
      0.9470389084781288
    ],
    [
      0.9975891353581416,
      0.9470389084781288,
      1
    ]
  ],
  "sampleSize": 19
}