{
  "labels": [
    "Nifty 50",
    "Bank Nifty",
    "Sensex"
  ],
  "matrix": [
    [
      1,
      0.8708895381946016,
      0.9946538010100195
    ],
    [
      0.8708895381946016,
      1,
      0.8756147372704317
    ],
    [
      0.9946538010100195,
      0.8756147372704317,
      1
    ]
  ],
  "sampleSize": 62
}