{
  "labels": [
    "Nifty 50",
    "Bank Nifty",
    "Sensex"
  ],
  "matrix": [
    [
      1,
      0.8719417591333392,
      0.9947705441035931
    ],
    [
      0.8719417591333392,
      1,
      0.8788600128335569
    ],
    [
      0.9947705441035931,
      0.8788600128335569,
      1
    ]
  ],
  "sampleSize": 1232
}