{
  "labels": [
    "Nifty 50",
    "Bank Nifty",
    "Sensex"
  ],
  "matrix": [
    [
      1,
      0.9316024003088295,
      0.996283256885833
    ],
    [
      0.9316024003088295,
      1,
      0.9307724533729284
    ],
    [
      0.996283256885833,
      0.9307724533729284,
      1
    ]
  ],
  "sampleSize": 121
}